default,account_check_status,duration_in_month,credit_history,purpose,credit_amount,savings,present_emp_since,installment_as_income_perc,other_debtors,present_res_since,property,age,other_installment_plans,housing,credits_this_bank,job,people_under_maintenance,telephone,foreign_worker
0,1,6,1,4,1169,4,0,4,2,4,2,67,1,1,2,1,1,1,1
1,0,48,3,4,5951,1,2,2,2,2,2,22,1,1,1,1,1,0,1
0,3,12,1,0,2096,1,3,2,2,3,2,49,1,1,1,3,2,0,1
0,1,42,3,7,7882,1,3,2,1,4,0,45,1,0,1,1,2,0,1
1,1,24,2,2,4870,1,2,3,2,4,3,53,1,0,2,1,2,0,1
0,3,36,3,0,9055,4,2,2,2,4,3,35,1,0,1,3,2,1,1
0,3,24,3,7,2835,3,0,3,2,4,0,53,1,1,1,1,1,0,1
0,0,36,3,3,6948,1,2,2,2,2,1,35,1,2,1,0,1,1,1
0,3,12,3,4,3059,0,3,2,2,4,2,61,1,1,1,3,1,0,1
1,0,30,1,2,5234,1,4,4,2,2,1,28,1,1,2,0,1,0,1
1,0,12,3,2,1295,1,1,3,2,1,1,25,1,2,1,1,1,0,1
1,1,48,3,1,4308,1,1,3,2,4,0,24,1,2,1,1,1,0,1
0,0,12,3,4,1567,1,2,1,2,1,1,22,1,1,1,1,1,1,1
1,1,24,1,2,1199,1,0,4,2,4,1,60,1,1,2,3,1,0,1
0,1,15,3,2,1403,1,2,2,2,4,1,28,1,2,1,1,1,0,1
1,1,24,3,4,1282,2,2,4,2,2,1,32,1,1,1,3,1,0,1
0,3,24,1,4,2424,4,0,4,2,4,0,53,1,1,2,1,1,0,1
0,1,30,4,1,8072,4,1,2,2,3,1,25,0,1,3,1,1,0,1
1,0,24,3,3,12579,1,0,4,2,2,3,44,1,0,1,0,1,1,1
0,3,24,3,4,3430,3,0,3,2,2,1,31,1,1,1,1,2,1,1
0,3,9,1,2,2134,1,2,4,2,4,1,48,1,1,3,1,1,1,1
0,1,6,3,4,2647,3,2,2,2,3,2,44,1,2,1,1,2,0,1
0,1,10,1,2,2241,1,1,1,2,3,2,48,1,2,2,3,2,0,0
0,0,12,1,3,1804,2,1,3,2,4,0,44,1,1,1,1,1,0,1
0,3,10,1,7,2069,4,2,2,2,1,1,26,1,1,2,1,1,0,0
0,1,6,3,7,1374,1,2,1,2,2,2,36,0,1,1,3,1,1,1
0,3,6,4,4,426,1,0,4,2,4,1,39,1,1,1,3,1,0,1
0,2,12,0,4,409,0,2,3,2,3,2,42,1,2,2,1,1,0,1
0,0,7,3,4,2415,1,2,3,1,2,2,34,1,1,1,1,1,0,1
1,1,60,2,1,6836,1,0,3,2,4,3,63,1,1,2,1,1,1,1
0,0,18,3,1,1913,0,1,3,2,3,2,36,0,1,1,1,1,1,1
0,1,24,3,7,4020,1,2,2,2,2,1,27,2,1,1,1,1,0,1
0,0,18,3,2,5866,2,2,2,2,2,1,30,1,1,2,1,1,1,1
0,3,12,1,1,1264,4,0,4,2,4,3,57,1,2,1,3,1,0,1
0,2,12,3,7,1474,1,1,4,2,1,0,33,0,1,1,0,1,1,1
1,0,45,1,4,4746,1,1,4,2,2,0,25,1,1,2,3,1,0,1
0,3,48,1,0,6110,1,2,1,2,3,3,31,0,0,1,1,1,1,1
1,2,18,3,4,2100,1,2,4,0,2,2,37,2,1,1,1,1,0,1
0,2,10,3,8,1225,1,2,2,2,2,1,37,1,1,1,1,1,1,1
0,0,9,3,4,458,1,2,4,2,3,2,24,1,1,1,1,1,0,1
0,3,30,3,4,2333,3,0,4,2,2,1,30,0,1,1,0,1,0,1
0,0,12,3,4,1158,3,2,3,2,1,1,26,1,1,1,1,1,1,1
0,0,18,2,5,6204,1,2,2,2,4,2,44,1,1,1,3,2,1,1
0,1,30,1,3,6187,2,3,1,2,4,1,24,1,2,2,1,1,0,1
1,1,48,1,3,6143,1,0,4,2,4,3,58,2,0,2,3,1,0,1
0,3,11,1,2,1393,1,1,4,2,4,1,35,1,1,2,0,1,0,1
0,3,36,3,4,2299,3,0,4,2,4,1,39,1,1,1,1,1,0,1
0,1,6,3,3,1352,3,4,1,2,2,0,23,1,2,1,2,1,1,1
0,3,11,1,2,7228,1,2,1,2,4,0,39,1,1,2,3,1,0,1
0,3,12,3,4,2073,2,2,4,0,2,2,28,1,1,1,1,1,0,1
0,0,24,2,7,2333,4,1,4,2,2,0,29,0,1,1,3,1,0,1
0,0,27,2,3,5965,1,0,1,2,2,1,30,1,1,2,0,1,1,1
0,3,12,3,4,1262,1,2,3,2,2,1,25,1,1,1,1,1,0,1
0,3,18,3,3,3378,4,2,2,2,1,0,31,1,1,1,1,1,1,1
1,0,36,2,2,2225,1,0,4,2,4,3,57,0,0,2,1,1,1,1
0,3,6,0,2,783,4,2,1,1,2,2,26,2,1,1,3,2,0,1
1,0,12,3,4,6468,4,4,2,2,1,3,52,1,1,1,0,1,1,1
0,3,36,1,4,9566,1,2,2,2,2,1,31,2,1,2,1,1,0,1
0,2,18,3,2,1961,1,0,3,2,2,1,23,1,1,1,0,1,0,1
1,1,36,1,7,6229,1,1,4,0,4,3,23,1,2,2,3,1,1,1
0,0,9,3,1,1391,1,2,2,2,1,2,27,0,1,1,1,1,1,1
0,0,15,1,4,1537,4,0,4,1,4,2,50,1,1,2,1,1,1,1
1,0,36,4,1,1953,1,0,4,2,4,3,61,1,0,1,0,1,1,1
1,0,48,4,1,14421,1,2,2,2,2,1,25,1,1,1,1,1,1,1
0,3,24,3,4,3181,1,1,4,2,4,0,26,1,1,1,1,1,1,1
0,3,27,3,5,5190,4,0,4,2,4,0,48,1,1,4,1,2,1,1
0,3,12,3,4,2171,1,1,2,2,2,1,29,0,1,1,1,1,0,1
0,0,12,3,2,1007,0,2,4,2,1,2,22,1,1,1,1,1,0,1
1,3,36,3,0,1819,1,2,4,2,4,3,37,2,0,1,1,1,1,1
0,3,36,3,4,2394,4,2,4,2,4,1,25,1,1,1,1,1,0,1
0,3,36,3,3,8133,1,2,1,2,2,0,30,0,1,1,1,1,0,1
0,3,7,1,4,730,4,0,4,2,2,0,46,1,2,2,3,1,1,1
0,1,8,1,6,1164,1,0,3,2,4,3,51,0,0,2,0,2,1,1
0,0,42,1,1,5954,1,3,2,2,1,2,41,0,1,2,3,1,0,1
1,1,36,3,0,1977,4,0,4,2,4,3,40,1,1,1,0,1,1,1
0,1,12,1,3,1526,1,0,4,2,4,3,66,1,0,2,0,1,0,1
1,1,42,3,4,3965,1,1,4,2,3,1,34,1,1,1,1,1,0,1
0,0,11,2,4,4771,1,3,2,2,4,0,51,1,1,1,1,1,0,1
0,3,54,4,3,9436,4,2,2,2,2,0,39,1,1,1,3,2,0,1
0,0,30,3,7,3832,1,1,2,2,1,0,22,1,1,1,1,1,0,1
1,3,24,3,4,5943,4,1,1,2,1,1,44,1,1,2,1,1,1,1
0,3,15,3,4,1213,3,0,4,2,3,0,47,2,1,1,1,1,1,1
0,3,18,3,1,1568,2,2,3,2,4,0,24,1,2,1,3,1,0,1
0,1,24,3,6,1755,1,0,4,1,4,2,58,1,1,1,3,1,1,1
0,1,10,3,4,2315,1,0,3,2,4,2,52,1,1,1,3,1,0,1
0,3,12,1,1,1412,1,2,4,1,2,2,29,1,1,2,0,1,1,1
0,0,18,1,7,1295,1,1,4,2,1,0,27,1,1,2,1,1,0,1
1,0,36,3,0,12612,2,2,1,2,4,3,47,1,0,1,1,2,1,1
0,1,18,3,2,2249,2,3,4,2,3,1,30,1,1,1,0,2,1,1
1,1,12,4,5,1108,1,3,4,2,3,2,28,1,1,2,1,1,0,1
0,3,12,1,4,618,1,0,4,2,4,2,56,1,1,1,1,1,0,1
0,1,12,1,3,1409,1,0,4,2,3,2,54,1,1,1,1,1,0,1
1,3,12,1,4,797,4,0,4,2,3,0,33,0,1,1,3,2,0,1
0,2,24,1,7,3617,4,0,4,0,4,3,20,1,2,2,1,1,0,1
0,0,12,3,2,1318,0,0,4,2,4,2,54,1,1,1,1,1,1,1
1,0,54,4,1,15945,1,1,3,2,4,3,58,1,2,1,1,1,1,1
0,3,12,1,0,2012,4,3,4,2,2,1,61,1,1,1,1,1,0,1
0,0,18,3,1,2622,2,2,4,2,4,1,34,1,1,1,1,1,0,1
0,0,36,1,4,2337,1,0,4,2,4,2,36,1,1,1,1,1,0,1
0,0,20,2,3,7057,4,3,3,2,4,0,36,0,2,2,0,2,1,1
0,3,24,3,2,1469,2,0,4,2,4,2,41,1,2,1,3,1,0,1
0,0,36,3,4,2323,1,3,4,2,4,1,24,1,2,1,1,1,0,1
0,3,6,2,4,932,1,2,3,2,2,2,24,1,1,1,1,1,0,1
0,0,9,1,7,1919,1,3,4,2,3,1,35,1,2,1,1,1,1,1
0,3,12,3,3,2445,4,1,2,2,4,1,26,1,2,1,1,1,1,1
1,0,24,1,6,11938,1,2,2,0,3,1,39,1,1,2,0,2,1,1
1,3,18,0,2,6458,1,0,2,2,4,3,39,0,1,2,0,2,1,1
0,0,12,3,2,6078,1,3,2,2,2,1,32,1,1,1,1,1,0,1
0,1,24,3,7,7721,4,1,1,2,2,0,30,1,1,1,1,1,1,0
0,0,14,3,1,1410,3,0,1,2,2,2,35,1,1,1,1,1,1,1
0,0,6,2,1,1449,2,0,1,2,2,1,31,0,1,2,1,2,0,1
0,2,15,3,0,392,1,1,4,2,4,0,23,1,2,1,1,1,1,1
0,0,18,3,2,6260,1,3,3,2,3,2,28,1,2,1,3,1,0,1
1,3,36,1,2,7855,1,2,4,2,2,2,25,2,1,2,1,1,1,1
0,1,12,3,4,1680,3,0,3,2,1,2,35,1,1,1,1,1,0,1
0,3,48,1,4,3578,4,0,4,2,1,2,47,1,1,1,1,1,1,1
1,1,42,3,4,7174,4,3,4,2,3,1,30,1,1,1,0,1,1,1
0,1,10,1,7,2132,4,1,2,0,3,2,27,1,2,2,1,1,0,0
1,1,33,1,7,4281,3,2,1,2,4,1,23,1,1,2,1,1,0,1
0,0,12,1,2,2366,3,3,3,2,3,1,36,1,1,1,0,1,1,1
1,1,21,3,4,1835,1,2,3,2,2,2,25,1,1,2,1,1,1,1
0,3,24,1,3,3868,1,0,4,2,2,1,41,1,2,2,0,1,1,1
0,3,12,3,7,1768,1,2,3,2,2,2,24,1,2,1,3,1,0,1
0,2,10,1,2,781,1,0,4,2,4,3,63,1,0,2,1,1,1,1
1,0,18,3,7,1924,4,1,4,2,3,2,27,1,2,1,1,1,0,1
0,1,12,1,2,2121,1,2,4,2,2,0,30,1,1,2,1,1,0,1
0,1,12,3,4,701,1,2,4,2,2,2,40,1,1,1,3,1,0,1
1,0,12,3,5,639,1,2,4,2,2,1,30,1,1,1,1,1,0,1
0,0,12,1,3,1860,1,4,4,2,2,1,34,1,1,2,0,1,1,1
1,1,12,1,2,3499,1,2,3,0,2,2,29,1,1,2,1,1,0,1
0,0,48,3,2,8487,4,3,1,2,2,1,24,1,1,1,1,1,0,1
1,1,36,2,0,6887,1,2,4,2,3,0,29,2,1,1,1,1,1,1
0,3,15,3,7,2708,1,1,2,2,3,0,27,0,1,2,3,1,0,1
0,3,18,3,7,1984,1,2,4,2,4,3,47,0,0,2,1,1,0,1
0,3,60,3,4,10144,2,3,2,2,4,2,21,1,1,1,1,1,1,1
0,3,12,1,4,1240,4,0,4,2,2,2,38,1,1,2,1,1,1,1
0,3,27,2,3,8613,0,2,2,2,2,1,27,1,1,2,1,1,0,1
1,0,12,3,4,766,3,2,4,2,3,2,66,1,1,1,3,1,0,1
0,0,15,1,4,2728,4,3,4,1,2,2,35,0,1,3,1,1,1,1
0,2,12,3,4,1881,1,2,2,2,2,1,44,1,2,1,3,1,1,1
0,2,6,3,2,709,0,1,2,2,2,2,27,1,1,1,2,1,0,0
0,0,36,3,4,4795,1,1,4,2,1,3,30,1,1,1,0,1,1,1
0,1,27,3,4,3416,1,2,3,2,2,1,27,1,1,1,0,1,0,1
1,1,18,3,7,2462,1,2,2,2,2,1,22,1,1,1,1,1,0,1
0,3,21,1,7,2288,1,1,4,2,4,0,23,1,1,1,1,1,1,1
0,0,48,0,1,3566,2,3,4,2,2,1,30,1,1,1,1,1,0,1
0,1,6,1,2,860,1,0,1,2,4,3,39,1,1,2,1,1,1,1
0,3,12,1,2,682,2,3,4,2,3,1,51,1,1,2,1,1,1,1
0,1,36,1,7,5371,1,2,3,1,2,0,28,1,1,2,1,1,0,1
0,3,18,1,4,1582,0,0,4,2,4,1,46,1,1,2,1,1,0,1
0,3,6,3,4,1346,2,0,2,2,4,3,42,0,0,1,1,2,1,1
0,3,10,3,4,1924,1,2,1,2,4,0,38,1,1,1,1,1,1,0
0,2,36,3,4,5848,1,2,4,2,1,1,24,1,1,1,1,1,0,1
0,0,24,1,3,7758,0,0,2,2,4,3,29,1,2,1,1,1,0,1
0,0,24,2,1,6967,2,3,4,2,4,1,36,1,2,1,0,1,1,1
1,1,12,3,7,1282,1,2,2,2,4,1,20,1,2,1,1,1,0,1
0,1,9,1,5,1288,2,0,3,1,4,2,48,1,1,2,1,2,0,0
0,1,12,0,9,339,1,0,4,2,1,1,45,0,1,1,3,1,0,1
0,0,24,3,2,3512,2,3,2,2,3,1,38,0,1,2,1,1,1,1
0,3,6,1,4,1898,4,2,1,2,2,2,34,1,1,2,3,2,0,1
0,3,24,1,4,2872,2,0,3,2,4,2,36,1,1,1,1,2,1,1
0,3,18,1,2,1055,1,1,4,2,1,0,30,1,1,2,1,1,0,1
0,3,15,3,8,1262,3,3,4,2,3,0,36,1,1,2,1,1,1,1
0,0,10,3,2,7308,1,4,2,2,4,3,70,0,0,1,0,1,1,1
0,3,36,3,2,909,3,0,4,2,4,0,36,1,1,1,1,1,0,1
0,3,6,3,7,2978,3,2,1,2,2,1,32,1,1,1,1,1,1,1
1,1,18,3,7,1131,1,4,4,2,2,1,33,1,1,1,1,1,0,1
0,0,11,3,7,1577,0,1,4,2,1,2,20,1,1,1,1,1,0,1
0,3,24,3,7,3972,1,3,2,2,4,0,25,1,2,1,1,1,1,1
1,0,24,1,1,1935,1,0,4,2,4,2,31,1,1,2,1,1,1,1
1,1,15,4,2,950,1,0,4,2,3,1,33,1,2,2,1,2,0,1
0,3,12,3,7,763,1,2,4,2,1,2,26,1,1,1,1,1,1,1
1,0,24,2,7,2064,1,4,3,2,2,0,34,1,1,1,0,1,1,1
0,0,8,3,4,1414,1,2,4,1,2,2,33,1,1,1,1,1,0,0
1,1,21,2,0,3414,1,1,2,2,1,0,26,1,1,2,1,1,0,1
1,3,30,0,3,7485,4,4,4,2,1,2,53,0,1,1,0,1,1,1
0,1,12,3,7,2577,1,2,2,2,1,1,42,1,1,1,1,1,0,1
0,1,6,1,4,338,3,0,4,2,4,1,52,1,1,2,1,1,0,1
0,3,12,3,4,1963,1,3,4,2,2,1,31,1,2,2,0,2,1,1
0,1,21,1,2,571,1,0,4,2,4,2,65,1,1,2,1,1,0,1
1,3,36,2,1,9572,1,1,1,2,1,1,28,1,1,2,1,1,0,1
1,0,36,2,1,4455,1,2,2,2,2,2,30,2,1,2,0,1,1,1
1,1,21,0,2,1647,4,2,4,2,2,0,40,1,1,2,3,2,0,1
0,3,24,1,7,3777,0,2,4,2,4,2,50,1,1,1,1,1,1,1
1,0,18,1,2,884,1,0,4,2,4,1,36,0,1,1,1,2,1,1
0,3,15,1,4,1360,1,2,4,2,2,0,31,1,1,2,1,1,0,1
1,0,9,0,3,5129,1,0,2,2,4,3,74,0,0,1,0,2,1,1
0,0,16,1,2,1175,1,4,2,2,3,1,68,1,0,3,2,1,1,1
1,1,12,3,4,674,2,3,4,2,1,0,20,1,1,1,1,1,0,1
0,0,18,4,7,3244,1,2,1,2,4,1,33,0,1,2,1,1,1,1
1,3,24,3,1,4591,0,2,2,2,3,0,54,1,1,3,0,1,1,1
1,0,48,4,1,3844,2,3,4,2,4,3,34,1,0,1,3,2,0,1
1,0,27,3,1,3915,1,2,4,2,2,1,36,1,1,1,1,2,1,1
0,3,6,3,4,2108,1,3,2,2,2,2,29,1,2,1,1,1,0,1
1,0,45,3,4,3031,2,2,4,1,4,0,21,1,2,1,1,1,0,1
1,0,9,1,0,1501,1,0,2,2,3,1,34,1,1,2,0,1,1,1
0,3,6,1,4,1382,1,2,1,2,1,1,28,1,1,2,1,1,1,1
1,0,12,3,7,951,2,1,4,2,4,1,27,0,2,4,1,1,0,1
0,0,24,3,3,2760,4,0,4,2,4,3,36,0,0,1,1,1,1,1
1,0,18,2,7,4297,1,0,4,2,3,3,40,1,1,1,0,1,1,1
0,3,9,1,0,936,3,0,4,2,2,1,52,1,1,2,1,1,1,1
0,1,12,3,2,1168,1,2,4,2,3,2,27,1,1,1,3,1,0,1
0,3,27,2,1,5117,1,3,3,2,4,1,26,1,1,2,1,1,0,1
1,1,12,3,9,902,1,3,4,2,4,0,21,1,2,1,1,1,0,1
0,3,12,1,2,1495,1,0,4,2,1,2,38,1,1,2,3,2,0,1
0,1,30,1,3,10623,1,0,3,2,4,3,38,1,0,3,0,2,1,1
0,3,12,1,7,1935,1,0,4,2,4,2,43,1,1,3,1,1,1,1
0,0,12,1,8,1424,1,3,4,2,3,0,26,1,1,1,1,1,0,1
0,1,24,3,1,6568,1,2,2,2,2,1,21,2,1,1,3,1,0,1
0,3,12,3,3,1413,0,3,3,2,2,0,55,1,1,1,1,1,0,0
0,3,9,1,4,3074,4,2,1,2,2,2,33,1,1,2,1,2,0,1
0,3,36,3,4,3835,4,0,2,2,4,2,45,1,1,1,3,1,1,1
1,1,27,4,1,5293,1,4,2,2,4,0,50,2,1,2,1,1,1,1
1,2,30,2,1,1908,1,0,4,2,4,2,66,1,1,1,0,1,1,1
0,3,36,1,4,3342,4,0,4,2,2,1,51,1,1,1,1,1,1,1
0,0,6,1,9,932,4,3,1,2,3,0,39,1,1,2,3,1,0,1
0,1,18,4,1,3104,1,3,3,2,1,0,31,0,1,1,1,1,1,1
0,2,36,3,4,3913,1,2,2,2,2,2,23,1,1,1,1,1,1,1
0,1,24,3,7,3021,1,2,2,2,2,2,24,1,2,1,3,1,0,1
0,3,10,3,2,1364,1,2,2,2,4,1,64,1,1,1,1,1,1,1
0,0,12,3,4,625,1,1,4,1,1,2,26,0,1,1,3,1,0,1
0,1,12,3,0,1200,4,2,4,2,4,0,23,0,2,1,1,1,1,1
0,3,12,3,4,707,1,2,4,2,2,2,30,0,1,2,1,1,0,1
0,3,24,2,1,2978,4,2,4,2,4,2,32,1,1,2,1,2,1,1
0,3,15,3,3,4657,1,2,3,2,2,1,30,1,1,1,1,1,1,1
0,3,36,4,5,2613,1,2,4,2,2,1,27,1,1,2,1,1,0,1
1,0,48,3,4,10961,0,3,1,0,2,3,27,0,1,2,1,1,1,1
1,1,12,3,7,7865,1,0,4,2,4,3,53,1,0,1,0,1,1,1
1,3,9,3,4,1478,1,3,4,2,2,1,22,1,1,1,1,1,0,1
0,1,24,3,7,3149,1,1,4,2,1,3,22,0,0,1,1,1,0,1
1,2,36,3,4,4210,1,2,4,2,2,1,26,1,1,1,1,1,0,1
0,3,9,3,2,2507,3,0,2,2,4,3,51,1,0,1,3,1,0,1
0,3,12,3,4,2141,2,3,3,2,1,3,35,1,1,1,1,1,0,1
0,0,18,3,4,866,1,2,4,1,2,2,25,1,1,1,3,1,0,1
0,3,4,1,4,1544,1,3,2,2,1,2,42,1,1,3,3,2,0,1
1,1,24,3,4,1823,1,4,4,2,2,1,30,2,1,1,0,2,0,1
1,0,6,3,2,14555,4,4,1,2,2,0,23,1,1,1,2,1,1,1
1,0,21,3,1,2767,2,0,4,2,2,1,61,0,2,2,3,1,0,1
0,3,12,1,4,1291,1,2,4,2,2,0,35,1,1,2,1,1,0,1
0,1,30,3,4,2522,1,0,1,1,3,0,39,1,1,1,1,2,0,1
1,1,24,3,2,915,4,0,4,2,2,1,29,0,1,1,1,1,0,1
0,3,6,3,4,1595,1,3,3,2,2,0,51,1,1,1,1,2,0,1
1,1,48,4,3,4605,1,0,3,2,4,3,24,1,0,2,1,2,0,1
0,3,12,1,1,1185,1,2,3,2,2,2,27,1,1,2,1,1,0,1
0,3,12,0,9,3447,3,2,4,2,3,2,35,1,1,1,3,2,0,1
0,3,24,3,1,1258,1,3,4,2,1,2,25,1,1,1,1,1,1,1
0,3,12,1,4,717,1,0,4,2,4,2,52,1,1,3,1,1,0,1
0,3,6,4,2,1204,2,2,4,2,1,3,35,0,2,1,1,1,0,0
0,2,24,3,7,1925,1,2,2,2,2,2,26,1,1,1,1,1,0,1
1,3,18,3,4,433,1,4,3,0,4,2,22,1,2,1,1,1,0,1
0,1,6,1,2,666,0,3,3,2,4,2,39,1,1,2,3,1,1,1
0,2,12,3,7,2251,1,2,1,2,2,1,46,1,1,1,3,1,0,1
1,0,30,3,2,2150,1,2,4,1,2,3,24,0,1,1,1,1,0,1
0,3,24,2,7,4151,2,2,2,2,3,0,35,1,1,2,1,1,0,1
0,0,9,3,7,2030,4,3,2,2,1,1,24,1,1,1,1,1,1,1
0,0,60,2,4,7418,4,2,1,2,1,2,27,1,1,1,3,1,0,1
0,3,24,1,4,2684,1,2,4,2,2,2,35,1,1,2,3,1,0,1
1,1,12,0,4,2149,1,2,4,2,1,3,29,1,0,1,1,1,0,1
0,3,15,3,3,3812,2,1,1,2,4,1,23,1,1,1,1,1,1,1
0,3,11,1,4,1154,2,4,4,2,4,2,57,1,1,3,3,1,0,1
0,1,12,3,7,1657,1,2,2,2,2,2,27,1,1,1,1,1,0,1
0,1,24,3,4,1603,1,0,4,2,4,1,55,1,1,1,1,1,0,1
0,1,18,1,2,5302,1,0,2,2,4,3,36,1,0,3,0,1,1,1
0,3,12,1,0,2748,1,0,2,2,4,3,57,0,0,3,3,1,0,1
0,3,10,1,2,1231,1,0,3,2,4,2,32,1,1,2,3,2,0,0
1,0,15,3,4,802,1,0,4,2,3,1,37,1,1,1,1,2,0,1
0,3,36,1,1,6304,4,0,4,2,4,2,36,1,1,2,1,1,0,1
0,3,24,3,4,1533,1,1,4,2,3,1,38,2,1,1,1,1,1,1
1,1,14,3,2,8978,1,0,1,2,4,0,45,1,1,1,0,1,1,0
0,3,24,3,4,999,4,0,4,2,2,1,25,1,1,2,1,1,0,1
0,3,18,3,2,2662,4,3,4,2,3,0,32,1,1,1,1,1,0,0
0,3,12,1,7,1402,3,3,3,2,4,1,37,1,2,1,1,1,1,1
0,0,48,0,2,12169,4,4,4,0,4,3,36,1,0,1,0,1,1,1
1,0,48,3,4,3060,1,3,4,2,4,2,28,1,1,2,1,1,0,1
1,1,30,3,5,11998,1,1,1,2,1,3,34,1,1,1,3,1,1,1
0,3,9,3,4,2697,1,2,1,2,2,2,32,1,1,1,1,2,0,1
0,3,18,1,4,2404,1,2,2,2,2,1,26,1,1,2,1,1,0,1
0,1,12,3,7,1262,4,0,2,2,4,0,49,1,1,1,3,1,1,1
1,3,6,3,7,4611,1,1,1,2,4,0,32,1,1,1,1,1,0,1
0,3,24,3,4,1901,2,2,4,2,4,1,29,1,2,1,0,1,1,1
0,3,15,1,3,3368,0,0,3,2,4,3,23,1,2,2,1,1,1,1
0,3,12,3,7,1574,1,2,4,2,2,2,50,1,1,1,1,1,0,1
0,2,18,0,4,1445,4,3,4,2,4,1,49,0,1,1,3,1,0,1
0,3,15,1,7,1520,4,0,4,2,4,0,63,1,1,1,1,1,0,1
0,0,24,1,2,3878,2,1,4,2,2,1,37,1,1,1,1,1,1,1
0,1,47,3,2,10722,1,1,1,2,1,2,35,1,1,1,3,1,1,1
0,1,48,3,3,4788,1,3,4,2,3,0,26,1,1,1,1,2,0,1
0,0,48,2,6,7582,2,4,2,2,4,3,31,1,0,1,0,1,1,1
0,0,12,3,4,1092,1,2,4,1,4,2,49,1,1,2,1,1,1,1
1,1,24,2,4,1024,1,1,4,2,4,2,48,2,1,1,1,1,0,1
0,3,12,3,1,1076,1,2,2,2,2,2,26,1,1,1,1,1,1,0
1,0,36,3,3,9398,1,1,1,2,4,1,28,1,2,1,0,1,1,1
0,1,24,1,3,6419,1,0,2,2,4,3,44,1,0,2,0,2,1,1
0,2,42,1,3,4796,1,0,4,2,4,3,56,1,0,1,1,1,0,1
0,3,48,1,1,7629,4,0,4,2,2,1,46,0,1,2,0,2,0,1
1,0,48,3,7,9960,1,1,1,2,2,1,26,1,1,1,1,1,1,1
0,3,12,3,3,4675,4,1,1,2,4,1,20,1,2,1,1,1,0,1
0,3,10,3,2,1287,4,0,4,0,2,0,45,1,1,1,3,1,0,0
0,3,18,3,7,2515,1,2,3,2,4,2,43,1,1,1,1,1,1,1
0,0,21,1,7,2745,0,3,3,2,2,1,32,1,1,2,1,1,1,1
0,3,6,3,2,672,1,4,1,2,4,2,54,1,1,1,2,1,1,1
1,0,36,4,4,3804,1,2,4,2,1,1,42,1,1,1,1,1,1,1
1,2,24,1,2,1344,4,3,4,2,2,2,37,0,1,2,3,2,0,1
0,1,10,1,2,1038,1,3,4,0,3,0,49,1,1,2,1,1,1,1
1,3,48,1,2,10127,3,2,2,2,2,3,44,0,0,1,1,1,0,1
0,3,6,3,7,1543,0,2,4,2,2,2,33,1,1,1,1,1,0,1
0,3,30,3,3,4811,4,3,2,2,4,0,24,2,2,1,3,1,0,1
1,1,12,3,4,727,2,1,4,2,3,3,33,1,1,1,3,1,1,1
1,0,8,3,7,1237,1,2,3,2,4,2,24,1,1,1,1,1,0,1
0,0,9,3,2,276,1,2,4,2,4,2,22,1,2,1,3,1,0,1
0,0,48,3,6,5381,4,4,3,2,4,3,40,0,0,1,2,1,1,1
0,3,24,3,7,5511,2,2,4,2,1,1,25,2,1,1,1,1,0,1
0,2,24,3,7,3749,1,1,2,2,4,1,26,1,1,1,1,1,0,1
1,0,12,3,2,685,1,3,2,2,3,1,25,0,1,1,3,1,0,1
0,2,4,3,2,1494,4,1,1,2,2,2,29,1,1,1,3,2,0,0
1,1,36,0,7,2746,1,0,4,2,4,1,31,0,1,1,1,1,0,1
0,1,12,3,7,708,1,2,2,1,3,0,38,1,1,1,3,2,0,1
0,0,24,3,7,4351,4,2,1,2,4,0,48,1,1,1,3,1,1,1
0,3,12,1,0,701,1,2,4,2,2,1,32,1,1,2,1,1,0,1
0,1,15,2,7,3643,1,0,1,2,4,0,27,1,1,2,3,1,0,1
1,0,30,1,2,4249,1,4,4,2,2,1,28,1,1,2,0,1,0,1
1,1,24,3,4,1938,1,1,4,2,3,0,32,1,1,1,1,1,0,1
0,1,24,3,3,2910,1,3,2,2,1,3,34,1,0,1,0,1,1,1
0,1,18,3,7,2659,0,2,4,2,2,1,28,1,1,1,1,1,0,1
0,3,18,1,2,1028,1,2,4,2,3,2,36,1,1,2,1,1,0,1
0,1,8,1,2,3398,1,3,1,2,4,2,39,1,1,2,3,1,0,0
0,3,12,1,7,5801,4,0,2,2,4,0,49,1,2,1,1,1,1,1
0,3,24,3,2,1525,0,3,4,2,3,1,34,1,1,1,1,2,1,1
0,2,36,3,4,4473,1,0,4,2,2,1,31,1,1,1,1,1,0,1
0,0,6,3,4,1068,1,0,4,2,4,1,28,1,1,1,1,2,0,1
0,1,24,1,3,6615,1,4,2,2,4,3,75,1,0,2,0,1,1,1
1,3,18,1,0,1864,2,2,4,2,2,2,30,1,1,2,1,1,0,1
1,0,60,3,2,7408,2,1,4,2,2,0,24,1,1,1,0,1,0,1
1,3,48,1,3,11590,2,2,2,2,4,1,24,0,2,2,3,1,0,1
1,1,24,4,7,4110,1,0,3,2,4,3,23,0,2,2,1,2,0,1
1,1,6,1,7,3384,1,2,1,2,4,2,44,1,2,1,0,1,1,1
0,0,13,3,4,2101,1,1,2,1,4,0,23,1,1,1,3,1,0,1
1,1,15,3,8,1275,4,2,4,2,2,1,24,1,2,1,1,1,0,1
0,1,24,3,7,4169,1,2,4,2,4,0,28,1,1,1,1,1,0,1
0,0,10,3,7,1521,1,2,4,2,2,1,31,1,1,1,3,1,0,1
0,0,24,1,0,5743,1,1,2,2,4,3,24,1,0,2,1,1,1,1
0,1,21,3,7,3599,1,3,1,2,4,1,26,1,2,1,3,1,0,1
0,0,18,3,4,3213,3,1,1,2,3,2,25,1,2,1,1,1,0,1
0,0,18,3,1,4439,1,0,1,0,1,2,33,0,1,1,0,1,1,1
0,2,10,3,2,3949,1,1,1,1,1,0,37,1,1,1,3,2,0,1
0,3,15,1,4,1459,1,2,4,2,2,1,43,1,1,1,3,1,0,1
0,0,13,1,4,882,1,1,4,1,4,2,23,1,1,2,1,1,0,1
0,0,24,3,4,3758,3,4,1,2,4,3,23,1,2,1,2,1,0,1
0,3,6,2,1,1743,2,2,1,2,2,2,34,1,1,2,3,1,0,1
1,0,9,1,0,1136,0,0,4,2,3,3,32,1,0,2,1,2,0,1
0,3,9,3,8,1236,1,1,1,2,4,2,23,1,2,1,1,1,1,1
1,0,9,3,7,959,1,2,1,2,2,1,29,1,1,1,1,1,0,0
0,3,18,1,3,3229,4,4,2,2,4,3,38,1,1,1,0,1,1,1
1,1,12,4,4,6199,1,2,4,2,2,0,28,1,2,2,1,1,1,1
0,3,10,3,0,727,3,0,4,2,4,3,46,1,0,1,1,1,1,1
1,0,24,3,2,1246,1,1,4,2,2,2,23,2,1,1,3,1,0,1
0,3,12,1,4,2331,4,0,1,0,4,2,49,1,1,1,1,1,1,1
1,3,36,2,4,4463,1,2,4,2,2,1,26,1,1,2,0,1,1,1
0,3,12,3,4,776,1,2,4,2,2,2,28,1,1,1,1,1,0,1
1,1,30,3,7,2406,1,3,4,2,4,2,23,1,2,1,1,1,0,1
0,0,18,3,0,1239,4,2,4,2,4,3,61,1,0,1,1,1,0,1
0,2,12,3,4,3399,4,0,2,2,3,1,37,1,1,1,0,1,0,1
0,2,12,2,2,2247,1,2,2,2,2,1,36,2,1,2,1,1,1,1
0,3,6,3,7,1766,1,2,1,2,2,0,21,1,2,1,1,1,0,1
1,1,18,3,7,2473,1,4,4,2,1,1,25,1,1,1,2,1,0,1
0,3,12,3,1,1542,1,3,2,2,4,1,36,1,1,1,1,1,1,1
0,3,18,1,3,3850,1,3,3,2,1,1,27,1,1,2,1,1,0,1
0,1,18,3,7,3650,1,1,1,2,4,1,22,1,2,1,1,1,0,1
1,1,36,3,7,3446,1,0,4,2,2,1,42,1,1,1,1,2,0,1
0,0,18,3,7,3001,1,3,2,2,4,2,40,1,2,1,1,1,0,1
0,3,36,3,2,3079,4,2,4,2,4,2,36,1,1,1,1,1,0,1
0,3,18,1,4,6070,1,0,3,2,4,1,33,1,1,2,1,1,1,1
0,3,10,1,7,2146,1,1,1,2,3,2,23,1,2,2,1,1,0,1
0,3,60,1,2,13756,4,0,2,2,4,3,63,0,0,1,0,1,1,1
1,0,60,0,6,14782,2,0,3,2,4,3,60,0,0,2,0,1,1,1
1,1,48,0,1,7685,1,3,2,1,4,1,37,1,2,1,1,1,0,1
0,3,18,2,4,2320,1,4,2,2,3,2,34,1,1,2,1,1,0,1
0,3,7,2,4,846,4,0,3,2,4,3,36,1,0,1,1,1,0,1
1,0,36,3,2,14318,1,0,4,2,2,3,57,1,0,1,0,1,1,1
0,3,6,1,2,362,2,2,4,2,4,1,52,1,1,2,3,1,0,1
0,1,20,3,7,2212,4,3,4,2,4,1,39,1,1,1,1,1,1,1
1,0,18,3,3,12976,1,4,3,2,4,3,38,1,0,1,0,1,1,1
0,3,22,3,2,1283,4,3,4,2,4,0,25,1,2,1,1,1,0,1
0,2,12,3,2,1330,1,1,4,2,1,2,26,1,1,1,1,1,0,1
0,3,30,2,1,4272,2,2,2,2,2,0,26,1,1,2,3,1,0,1
0,3,18,1,4,2238,1,2,2,2,1,1,25,1,1,2,1,1,0,1
0,3,18,3,4,1126,4,1,4,2,2,2,21,1,2,1,1,1,1,1
0,0,18,1,7,7374,1,4,4,2,4,0,40,2,1,2,0,1,1,1
0,0,15,1,1,2326,3,2,2,2,4,1,27,0,1,1,1,1,0,1
0,3,9,3,1,1449,1,3,3,2,2,1,27,1,1,2,1,1,0,1
0,3,18,3,2,1820,1,2,2,2,2,0,30,1,1,1,0,1,1,1
0,0,12,3,7,983,0,1,1,2,4,2,19,1,2,1,3,1,0,1
0,1,36,3,2,3249,1,3,2,2,4,3,39,0,0,1,0,2,1,1
0,1,6,1,4,1957,1,3,1,2,4,1,31,1,1,1,1,1,0,1
0,3,9,1,7,2406,1,4,2,2,3,1,31,1,1,1,0,1,0,1
0,0,39,2,0,11760,2,3,2,2,3,3,32,1,2,1,1,1,1,1
0,1,12,3,7,2578,1,4,3,2,4,3,55,1,0,1,0,1,0,1
0,1,36,1,7,2348,1,2,3,2,2,0,46,1,1,2,1,1,1,1
1,0,12,3,2,1223,1,0,1,2,1,2,46,1,2,2,1,1,0,1
0,3,24,1,4,1516,0,2,4,2,1,2,43,1,1,2,3,1,0,1
0,3,18,3,4,1473,1,1,3,2,4,2,39,1,1,1,1,1,1,1
0,0,18,1,1,1887,4,2,4,2,4,2,28,0,1,2,1,1,0,1
1,3,24,2,1,8648,1,1,2,2,2,1,27,0,1,2,1,1,1,1
0,3,14,2,2,802,1,2,4,2,2,1,27,1,1,2,3,1,0,1
0,0,18,2,2,2899,4,0,4,2,4,1,43,1,1,1,1,2,0,1
1,0,24,3,4,2039,1,1,1,2,1,0,22,1,1,1,1,1,1,1
0,3,24,1,3,2197,4,3,4,2,4,1,43,1,1,2,1,2,1,1
0,1,15,3,4,1053,1,1,4,2,2,2,27,1,1,1,1,1,0,0
0,3,24,3,4,3235,3,0,3,2,2,1,26,1,1,1,0,1,1,1
1,2,12,1,2,939,3,3,4,2,2,2,28,1,1,3,1,1,1,1
0,0,24,3,4,1967,1,0,4,2,4,1,20,1,1,1,1,1,1,1
0,3,33,1,3,7253,1,3,3,2,2,1,35,1,1,2,0,1,1,1
1,3,12,1,1,2292,1,4,4,2,2,1,42,2,1,2,0,1,1,1
0,3,10,3,2,1597,3,2,3,2,2,3,40,1,2,1,3,2,0,0
1,1,24,3,2,1381,4,2,4,2,2,0,35,1,1,1,1,1,0,1
0,3,36,1,3,5842,1,0,2,2,2,0,35,1,1,2,1,2,1,1
1,1,12,3,2,2579,1,1,4,2,1,2,33,1,1,1,3,2,0,1
0,1,18,2,0,8471,4,2,1,2,2,1,23,1,2,2,1,1,1,1
0,3,21,3,2,2782,3,3,1,2,2,1,31,0,1,1,0,1,0,1
1,0,18,3,2,1042,4,2,4,2,2,0,33,1,1,1,1,1,0,1
0,3,15,3,2,3186,0,3,2,2,3,1,20,1,2,1,1,1,0,1
0,0,12,3,3,2028,4,2,4,2,2,1,30,1,1,1,1,1,0,1
0,0,12,1,2,958,1,3,2,2,3,2,47,1,1,2,3,2,0,1
0,3,21,2,7,1591,2,3,4,2,3,2,34,1,1,2,0,1,0,1
1,0,12,3,7,2762,4,0,1,2,2,0,25,0,1,1,1,1,1,1
0,0,18,3,3,2779,1,2,1,2,3,1,21,1,2,1,1,1,1,1
0,3,28,1,4,2743,1,0,4,2,2,1,29,1,1,2,1,1,0,1
0,3,18,1,4,1149,0,2,4,2,3,2,46,1,1,2,1,1,0,1
0,3,9,3,7,1313,1,0,1,2,4,1,20,1,1,1,1,1,0,1
1,1,18,1,5,1190,1,4,2,2,4,3,55,1,0,3,2,2,0,1
0,3,5,3,1,3448,1,3,1,2,4,2,74,1,1,1,3,1,0,1
1,0,24,3,6,11328,1,2,2,0,3,1,29,0,1,2,0,1,1,1
0,1,6,1,7,1872,1,4,4,2,4,3,36,1,0,3,0,1,1,1
0,3,24,1,5,2058,1,2,4,2,2,2,33,1,1,2,1,1,1,1
0,1,9,3,7,2136,1,2,3,2,2,2,25,1,1,1,1,1,0,1
1,0,12,3,4,1484,4,2,2,2,1,2,25,1,1,1,1,1,1,1
0,3,6,3,5,660,3,3,2,2,4,2,23,1,2,1,3,1,0,1
0,3,24,1,2,1287,0,0,4,2,4,2,37,1,1,2,1,1,1,1
0,1,42,1,5,3394,1,4,4,0,4,1,65,1,1,2,2,1,0,1
1,2,12,0,1,609,1,1,4,2,1,2,26,1,1,1,2,1,0,1
0,3,12,3,2,1884,1,0,4,2,4,1,39,1,1,1,0,1,1,1
0,1,12,3,7,1620,1,2,2,0,3,0,30,1,1,1,1,1,0,1
0,0,20,2,6,2629,1,2,2,2,3,1,29,0,1,2,1,1,1,1
1,3,12,3,0,719,1,0,4,2,4,1,41,0,1,1,3,2,0,1
1,0,48,1,7,5096,1,2,2,2,3,1,30,1,1,1,0,1,1,1
0,3,9,1,0,1244,4,0,4,2,4,0,41,1,2,2,3,1,0,1
1,1,36,3,2,1842,1,1,4,2,4,1,34,1,1,1,1,1,1,1
0,0,7,3,4,2576,1,2,2,1,2,2,35,1,1,1,1,1,0,1
0,2,12,3,7,1424,4,0,3,2,4,2,55,1,1,1,0,1,1,1
1,0,15,2,5,1512,0,2,3,2,3,0,61,2,1,2,1,1,0,1
0,3,36,1,3,11054,4,2,4,2,2,1,30,1,1,1,0,1,1,1
0,3,6,3,4,518,1,2,3,2,1,2,29,1,1,1,1,1,0,1
0,3,12,4,7,2759,1,0,2,2,4,0,34,1,1,2,1,1,0,1
0,3,24,3,3,2670,1,0,4,2,4,1,35,1,1,1,0,1,1,1
1,1,24,3,2,4817,1,3,2,0,3,0,31,1,1,1,1,1,1,1
0,3,24,3,3,2679,1,1,4,2,1,3,29,1,1,1,0,1,1,1
0,1,11,1,2,3905,1,2,2,2,2,2,36,1,2,2,1,2,0,1
1,1,12,3,3,3386,1,0,3,2,4,3,35,1,0,1,1,1,1,1
0,1,6,3,8,343,1,1,4,2,1,2,27,1,1,1,1,1,0,1
0,3,18,3,4,4594,1,1,3,2,2,1,32,1,1,1,1,1,1,1
0,1,36,3,7,3620,1,2,1,1,2,0,37,1,1,1,1,2,0,1
0,1,15,3,2,1721,1,1,2,2,3,2,36,1,1,1,1,1,0,1
0,0,12,3,7,3017,1,1,3,2,1,2,34,1,2,1,0,1,0,1
0,0,12,3,9,754,4,0,4,2,4,0,38,1,1,2,1,1,0,1
0,3,18,3,1,1950,1,3,4,2,1,1,34,2,1,2,1,1,1,1
0,1,24,3,3,2924,1,2,3,1,4,3,63,0,1,1,1,2,1,1
1,1,24,2,4,1659,1,1,4,2,2,1,29,1,2,1,3,1,1,1
0,3,48,2,4,7238,4,0,3,2,3,1,32,0,1,2,1,2,0,1
0,3,33,2,1,2764,1,2,2,2,2,1,26,1,1,2,1,1,1,1
0,3,24,2,3,4679,1,3,3,2,3,1,35,1,1,2,3,1,1,1
1,0,24,3,4,3092,2,1,3,2,2,1,22,1,2,1,1,1,1,1
1,1,6,3,0,448,1,1,4,2,4,0,23,1,1,1,1,1,0,1
1,1,9,3,2,654,1,2,4,2,3,1,28,1,1,1,3,1,0,1
0,3,6,3,9,1238,4,4,4,2,4,0,36,1,1,1,0,2,1,1
1,0,18,1,4,1245,1,2,4,2,2,1,33,1,1,1,1,1,0,1
1,1,18,4,7,3114,1,1,1,2,4,0,26,1,2,1,1,1,0,1
0,3,39,3,3,2569,3,2,4,2,4,1,24,1,1,1,1,1,0,1
0,2,24,3,4,5152,1,3,4,2,2,1,25,0,1,1,1,1,0,1
0,0,12,3,1,1037,2,3,3,2,4,2,39,1,1,1,3,1,0,1
0,1,15,1,7,1478,1,0,4,2,4,1,44,1,1,2,1,2,1,1
0,0,12,1,4,3573,1,2,1,2,1,2,23,1,1,1,3,1,0,1
0,0,24,3,2,1201,1,1,4,2,1,0,26,1,1,1,1,1,0,1
0,1,30,3,7,3622,0,0,4,2,4,0,57,1,2,2,1,1,1,1
0,3,15,2,7,960,0,3,3,2,2,0,30,1,1,2,1,1,0,1
0,3,12,1,2,1163,3,2,4,2,4,2,44,1,1,1,1,1,1,1
1,0,6,2,2,1209,1,4,4,2,4,0,47,1,1,1,0,1,1,1
0,3,12,3,4,3077,1,2,2,2,4,1,52,1,1,1,1,1,1,1
0,3,24,3,2,3757,1,0,4,0,4,3,62,1,0,1,1,1,1,1
0,3,10,3,2,1418,2,2,3,2,2,2,35,1,2,1,3,1,0,0
0,3,6,3,2,3518,1,2,2,1,3,0,26,1,2,1,1,1,0,1
0,3,12,1,4,1934,1,0,2,2,2,3,26,1,1,2,1,1,0,1
1,0,27,4,1,8318,1,0,2,2,4,3,42,1,0,2,0,1,1,1
0,3,6,1,4,1237,2,2,1,2,1,0,27,1,1,2,1,1,0,1
0,0,6,3,4,368,4,0,4,2,4,0,38,1,1,1,1,1,0,1
0,1,12,1,2,2122,1,2,3,2,2,2,39,1,2,2,3,2,0,0
1,1,24,3,7,2996,4,2,2,2,4,1,20,1,1,1,1,1,0,1
1,0,36,3,7,9034,2,1,4,0,1,3,29,1,2,1,0,1,1,1
0,3,24,1,7,1585,1,3,4,2,3,0,40,1,1,2,1,1,0,1
0,0,18,3,4,1301,1,0,4,1,2,2,32,1,1,1,3,1,0,1
0,2,6,1,2,1323,2,0,2,2,4,1,28,1,1,2,1,2,1,1
1,1,24,3,2,3123,1,1,4,2,1,0,27,1,1,1,1,1,0,1
0,1,36,3,3,5493,1,0,2,2,4,3,42,1,0,1,1,2,0,1
0,2,9,3,4,1126,2,0,2,2,4,2,49,1,1,1,1,1,0,1
1,0,24,1,4,1216,2,1,4,2,4,3,38,0,1,2,1,2,0,1
1,1,24,3,2,1207,1,1,4,2,4,0,24,1,2,1,1,1,0,1
1,3,10,3,2,1309,4,2,4,1,4,0,27,1,1,1,3,1,0,1
0,2,15,1,3,2360,3,2,2,2,2,1,36,1,1,1,1,1,1,1
1,0,15,0,2,6850,2,4,1,2,2,0,34,1,1,1,0,2,1,1
0,3,24,3,4,1413,1,2,4,2,2,0,28,1,1,1,1,1,0,1
0,3,39,3,3,8588,2,0,4,2,2,1,45,1,1,1,0,1,1,1
1,1,12,3,2,759,1,3,4,2,2,2,26,1,1,1,1,1,0,1
0,3,36,3,3,4686,1,2,2,2,2,3,32,1,0,1,0,1,1,1
0,2,15,3,1,2687,1,3,2,2,4,0,26,1,2,1,1,1,1,1
0,0,12,2,4,585,1,2,4,0,4,2,20,1,2,2,1,1,0,1
0,3,24,3,2,2255,4,1,4,2,1,0,54,1,1,1,1,1,0,1
0,1,6,1,2,609,1,3,4,2,3,0,37,1,1,2,1,1,0,0
0,1,6,1,2,1361,1,1,2,2,4,2,40,1,1,1,3,2,0,0
1,3,36,1,7,7127,1,1,2,2,4,0,23,1,2,2,1,1,1,1
0,1,6,3,2,1203,2,0,3,2,2,0,43,1,1,1,1,1,1,1
0,3,6,1,4,700,4,0,4,2,4,3,36,1,0,2,1,1,0,1
0,3,24,1,5,5507,1,0,3,2,4,3,44,1,0,2,1,1,0,1
1,1,18,3,4,3190,1,2,2,2,2,2,24,1,1,1,1,1,0,1
1,1,48,4,7,7119,1,2,3,2,4,3,53,1,0,2,1,2,0,1
0,3,24,3,3,3488,2,3,3,2,4,1,23,1,1,1,1,1,0,1
0,0,18,3,4,1113,1,2,4,1,4,2,26,1,1,1,3,2,0,1
0,0,26,3,3,7966,1,1,2,2,3,1,30,1,1,2,1,1,0,1
0,3,15,1,0,1532,2,2,4,2,3,1,31,1,1,1,1,1,0,1
0,3,4,1,4,1503,1,3,2,2,1,2,42,1,1,2,3,2,0,1
1,1,36,3,4,2302,1,2,4,2,4,1,31,1,2,1,1,1,0,1
0,1,6,3,2,662,1,1,3,2,4,2,41,1,1,1,3,2,1,1
0,0,36,3,0,2273,1,3,3,2,1,1,32,1,1,2,1,2,0,1
1,0,15,3,2,2631,2,2,2,2,4,1,28,1,2,2,1,1,1,1
0,3,12,2,3,1503,1,2,4,2,4,2,41,1,2,1,1,1,0,1
0,3,24,3,4,1311,2,3,4,2,3,0,26,1,1,1,1,1,1,1
0,3,24,3,4,3105,4,1,4,2,2,1,25,1,1,2,1,1,0,1
1,2,21,1,0,2319,1,1,2,2,1,1,33,1,2,1,1,1,0,1
0,1,6,3,2,1374,4,4,4,2,3,0,75,1,1,1,0,1,1,1
0,0,18,1,7,3612,1,0,3,2,4,0,37,1,1,1,1,1,1,1
1,1,48,3,2,7763,1,0,4,2,4,3,42,0,0,1,0,1,0,1
0,2,18,3,7,3049,1,1,1,2,1,0,45,2,1,1,3,1,0,1
1,0,12,3,4,1534,1,1,1,2,1,2,23,1,2,1,1,1,0,1
0,3,24,2,2,2032,1,0,4,2,4,3,60,1,0,2,1,1,1,1
1,1,30,3,7,6350,4,0,4,2,4,0,31,1,1,1,1,1,0,1
1,2,18,3,7,2864,1,2,2,2,1,2,34,1,1,1,3,2,0,1
0,3,12,1,2,1255,1,0,4,2,4,2,61,1,1,2,3,1,0,1
1,1,24,2,2,1333,1,4,4,2,2,2,43,1,0,2,1,2,0,1
0,3,24,1,2,2022,1,2,4,2,4,1,37,1,1,1,1,1,1,1
0,3,24,3,4,1552,1,3,3,2,1,1,32,0,1,1,1,2,0,1
1,1,12,0,4,626,1,2,4,2,4,2,24,0,1,1,3,1,0,1
0,3,48,1,3,8858,4,3,2,2,1,3,35,1,0,2,1,1,1,1
0,3,12,1,5,996,4,3,4,2,4,2,23,1,1,2,1,1,0,1
0,3,6,0,4,1750,3,0,2,2,4,0,45,0,1,1,3,2,0,1
1,1,48,3,4,6999,1,3,1,1,1,2,34,1,1,2,1,1,1,1
0,0,12,1,2,1995,2,1,4,2,1,1,27,1,1,1,1,1,0,1
0,0,9,3,0,1199,1,3,4,2,4,0,67,1,1,2,0,1,1,1
1,0,12,3,4,1331,1,1,2,2,1,1,22,2,1,1,1,1,0,1
1,0,18,4,2,2278,2,1,3,2,3,1,28,1,1,2,1,1,0,1
1,3,21,4,2,5003,4,2,1,2,4,0,29,0,1,2,1,1,1,1
1,1,24,0,7,3552,1,3,3,2,4,1,27,0,1,1,1,1,0,1
1,0,18,1,7,1928,1,1,2,2,2,2,31,1,1,2,3,1,0,1
0,1,24,3,3,2964,4,0,4,2,4,3,49,0,0,1,1,2,1,1
1,1,24,0,4,1546,1,3,4,1,4,1,24,0,2,1,3,1,0,1
0,2,6,2,4,683,1,1,2,2,1,0,29,0,1,1,1,1,0,1
1,0,36,3,2,12389,4,2,1,2,4,3,37,1,0,1,1,1,1,1
0,0,24,2,1,4712,4,2,4,2,2,0,37,0,1,2,0,1,1,1
0,0,24,2,4,1553,2,3,3,2,2,0,23,1,2,2,1,1,1,1
1,1,12,3,2,1372,1,3,2,2,3,1,36,1,1,1,1,1,0,1
0,3,24,1,4,2578,0,0,2,2,2,1,34,1,1,1,1,1,0,1
0,0,48,3,4,3979,4,3,4,2,1,1,41,1,1,2,1,2,1,1
1,1,48,3,4,6758,1,2,3,2,2,1,31,1,1,1,1,1,1,1
1,1,24,3,7,3234,1,1,4,2,4,2,23,1,2,1,3,1,1,1
0,3,30,1,4,5954,1,3,3,0,2,1,38,1,1,1,1,1,0,1
0,3,24,3,3,5433,4,4,2,2,4,0,26,1,2,1,0,1,1,1
0,1,15,3,1,806,1,2,4,2,4,0,22,1,1,1,3,1,0,1
0,0,9,3,4,1082,1,0,4,2,4,1,27,1,1,2,3,1,0,1
0,3,15,1,7,2788,1,3,2,0,3,1,24,0,1,2,1,1,0,1
0,0,12,3,4,2930,1,3,2,2,1,2,27,1,1,1,1,1,0,1
0,3,24,1,0,1927,4,2,3,2,2,1,33,1,1,2,1,1,1,1
1,0,36,1,2,2820,1,1,4,2,4,1,27,1,1,2,1,1,0,1
0,3,24,3,9,937,1,1,4,2,3,1,27,1,1,2,3,1,0,1
1,0,18,1,2,1056,1,0,3,1,3,2,30,0,1,2,1,1,0,1
0,0,12,1,2,3124,1,1,1,2,3,2,49,0,1,2,3,2,0,1
0,3,9,3,7,1388,1,2,4,2,2,2,26,1,2,1,1,1,0,1
1,0,36,3,5,2384,1,1,4,2,1,3,33,1,2,1,3,1,0,1
0,3,12,3,2,2133,4,0,4,2,4,3,52,1,0,1,0,1,1,1
1,1,18,3,7,2039,1,2,1,2,4,2,20,0,2,1,1,1,0,1
0,1,9,1,2,2799,1,2,2,2,2,2,36,1,2,2,1,2,0,1
0,1,12,3,7,1289,1,2,4,1,1,0,21,1,1,1,3,1,0,1
1,1,18,3,8,1217,1,2,4,2,3,2,47,1,1,1,3,1,1,1
1,1,12,1,7,2246,1,0,3,2,3,0,60,1,1,2,1,1,0,1
0,1,12,1,4,385,1,3,4,2,3,2,58,1,1,4,3,1,1,1
0,0,24,2,2,1965,4,2,4,2,4,1,42,1,2,2,1,1,1,1
0,3,21,3,1,1572,0,0,4,2,4,2,36,0,1,1,3,1,0,1
1,0,24,3,2,2718,1,2,3,2,4,0,20,1,2,1,3,1,1,1
1,1,24,0,6,1358,4,0,4,2,3,1,40,2,1,1,0,1,1,1
1,0,6,0,2,931,2,1,1,2,1,0,32,2,1,1,3,1,0,1
1,1,24,3,2,1442,1,3,4,2,4,1,23,1,2,2,1,1,0,1
1,0,24,4,1,4241,1,2,1,2,4,2,36,1,1,3,3,1,1,1
1,3,18,1,2,2775,1,3,2,2,2,0,31,0,1,2,1,1,0,1
0,3,24,2,1,3863,1,2,1,2,2,3,32,1,0,1,1,1,0,1
0,0,7,3,4,2329,1,1,1,1,1,2,45,1,1,1,1,1,0,1
1,0,9,3,7,918,1,2,4,2,1,0,30,1,1,1,1,1,0,1
1,0,24,0,0,1837,1,3,4,2,4,3,34,0,0,1,3,1,0,1
1,3,36,3,7,3349,1,2,4,2,2,1,28,1,1,1,0,1,1,1
0,2,10,3,7,1275,1,1,4,2,2,0,23,1,1,1,1,1,0,1
0,1,24,0,7,2828,3,2,4,2,4,2,22,2,1,1,1,1,1,1
0,3,24,1,1,4526,1,2,3,2,2,2,74,1,1,1,0,1,1,1
1,0,36,3,4,2671,2,2,4,0,4,3,50,1,0,1,1,1,0,1
0,3,18,3,4,2051,1,1,4,2,1,2,33,1,1,1,1,1,0,1
0,3,15,3,3,1300,4,0,4,2,4,3,45,0,0,1,1,2,0,1
1,1,12,3,8,741,2,4,4,2,3,0,22,1,1,1,1,1,0,1
1,2,10,3,2,1240,2,0,1,2,4,3,48,1,0,1,3,2,0,1
0,1,21,3,4,3357,0,1,4,2,2,1,29,0,1,1,1,1,0,1
0,1,24,0,3,3632,1,2,1,1,4,1,22,0,2,1,1,1,0,0
1,3,18,2,7,1808,1,3,4,2,1,2,22,1,1,1,1,1,0,1
0,0,48,4,1,12204,4,2,2,2,2,1,48,0,1,1,0,1,1,1
0,0,60,2,4,9157,4,2,2,2,2,3,27,1,0,1,0,1,0,1
0,1,6,1,2,3676,1,2,1,2,3,2,37,1,2,3,1,2,0,1
1,0,30,3,7,3441,2,2,2,0,4,1,21,1,2,1,1,1,0,1
0,3,12,3,2,640,1,2,4,2,2,2,49,1,1,1,3,1,0,1
0,0,21,1,1,3652,1,3,2,2,3,0,27,1,1,2,1,1,0,1
1,3,18,1,2,1530,1,2,3,2,2,0,32,0,1,2,1,1,0,1
1,3,48,3,1,3914,4,2,4,2,2,2,38,0,1,1,1,1,0,1
0,1,12,3,7,1858,1,1,4,2,1,1,22,1,2,1,1,1,0,1
1,1,18,3,4,2600,1,2,4,2,4,3,65,1,0,2,1,1,0,1
0,3,15,3,4,1979,4,0,4,2,2,1,35,1,1,1,1,1,0,1
0,2,6,3,7,2116,1,2,2,2,2,2,41,1,1,1,1,1,1,1
1,0,9,0,2,1437,2,3,2,2,3,3,29,1,1,1,1,1,0,1
0,3,42,1,7,4042,3,2,4,2,4,2,36,1,1,2,1,1,1,1
0,3,9,3,0,3832,4,0,1,2,4,2,64,1,1,1,3,1,0,1
0,1,24,3,4,3660,1,2,2,2,4,1,28,1,1,1,1,1,0,1
1,1,18,0,7,1553,1,2,4,2,3,1,44,0,1,1,1,1,0,1
0,0,15,3,4,1444,4,1,4,2,1,0,23,1,1,1,1,1,0,1
1,3,9,3,7,1980,1,1,2,0,2,1,19,1,2,2,1,1,0,1
1,0,24,3,2,1355,1,1,3,2,4,1,25,1,1,1,3,1,1,1
0,3,12,3,0,1393,1,0,4,2,4,0,47,0,1,3,1,2,1,1
0,3,24,3,4,1376,3,3,4,2,1,1,28,1,1,1,1,1,0,1
0,3,60,2,4,15653,1,3,2,2,4,1,21,1,1,2,1,1,1,1
0,3,12,3,4,1493,1,1,4,2,3,1,34,1,1,1,1,2,0,1
1,1,42,2,4,4370,1,3,3,2,2,0,26,0,1,2,1,2,1,1
1,1,18,3,0,750,1,4,4,2,1,2,27,1,1,1,2,1,0,1
0,0,15,3,5,1308,1,0,4,2,4,1,38,1,1,2,3,1,0,1
1,3,15,3,0,4623,2,2,3,2,2,0,40,1,1,1,0,1,1,1
0,3,24,1,4,1851,1,3,4,1,2,1,33,1,1,2,1,1,1,1
0,1,18,1,4,1880,1,3,4,2,1,0,32,1,1,2,0,1,1,1
1,3,36,2,1,7980,4,1,4,2,4,1,27,1,2,2,1,1,1,1
0,1,30,4,7,4583,1,2,2,1,2,2,32,1,1,2,1,1,0,1
1,3,12,3,2,1386,3,2,2,2,2,0,26,1,1,1,1,1,0,1
1,2,24,3,2,947,1,3,4,2,3,3,38,0,0,1,1,2,0,1
1,1,12,3,0,684,1,2,4,2,4,1,40,1,2,1,3,2,0,1
0,1,48,3,0,7476,1,3,4,2,1,3,50,1,0,1,0,1,1,1
1,0,12,3,7,1922,1,2,4,2,2,0,37,1,1,1,3,1,0,1
1,1,24,3,2,2303,1,0,4,0,1,2,45,1,1,1,1,1,0,1
1,0,36,2,2,8086,2,0,2,2,4,1,42,1,1,4,0,1,1,1
0,3,24,1,3,2346,1,3,4,2,3,1,35,1,1,2,1,1,1,1
0,1,14,3,2,3973,1,4,1,2,4,3,22,1,0,1,1,1,0,1
1,0,12,3,2,888,1,0,4,2,4,1,41,0,1,1,3,2,0,1
0,3,48,3,4,10222,4,3,4,2,3,1,37,2,1,1,1,1,1,1
0,0,30,4,1,4221,1,2,2,2,1,1,28,1,1,2,1,1,0,1
0,0,18,1,7,6361,1,0,2,2,1,3,41,1,1,1,1,1,1,1
0,2,12,3,4,1297,1,2,3,2,4,2,23,1,2,1,1,1,0,1
1,1,12,3,2,900,4,2,4,2,2,1,23,1,1,1,1,1,0,1
0,3,21,3,7,2241,1,0,4,2,2,2,50,1,1,2,1,1,0,1
0,0,6,2,7,1050,1,4,4,2,1,0,35,2,1,2,0,1,1,1
0,2,6,1,0,1047,1,2,2,2,4,0,50,1,1,1,3,1,0,1
0,3,24,1,6,6314,1,4,4,0,2,3,27,0,1,2,0,1,1,1
0,0,30,0,7,3496,0,2,4,2,2,1,34,2,1,1,1,2,1,1
0,3,48,0,1,3609,1,2,1,2,1,2,27,2,1,1,1,1,0,1
1,1,12,1,2,4843,1,0,3,0,4,0,43,1,2,2,1,1,1,1
0,2,30,1,4,3017,1,0,4,2,4,0,47,1,1,1,1,1,0,1
0,3,24,1,1,4139,2,2,3,2,3,0,27,1,1,2,3,1,1,1
0,3,36,3,1,5742,2,3,2,2,2,1,31,1,1,2,1,1,1,1
0,3,60,3,2,10366,1,0,2,2,4,0,42,1,1,1,0,1,1,1
0,3,6,1,2,2080,3,2,1,2,2,1,24,1,1,1,1,1,0,1
1,3,21,2,1,2580,3,1,4,2,2,2,41,0,1,1,3,2,0,1
0,3,30,1,4,4530,1,3,4,2,4,1,26,1,2,1,0,1,1,1
0,3,24,1,7,5150,1,0,4,2,4,1,33,1,1,1,1,1,1,1
1,0,72,3,4,5595,2,2,2,2,2,1,24,1,1,1,1,1,0,1
0,1,24,3,4,2384,1,0,4,2,4,2,64,0,2,1,3,1,0,1
0,3,18,3,4,1453,1,1,3,2,1,2,26,1,1,1,1,1,0,1
0,3,6,3,0,1538,1,1,1,2,2,3,56,1,1,1,1,1,0,1
0,3,12,3,4,2279,4,2,4,2,4,3,37,1,0,1,1,1,1,1
0,3,15,2,4,1478,1,2,4,2,3,2,33,0,1,2,1,1,0,1
0,3,24,1,4,5103,1,1,3,2,3,3,47,1,0,3,1,1,1,1
0,0,36,2,1,9857,2,3,1,2,3,0,31,1,1,2,3,2,1,1
0,3,60,3,2,6527,4,2,4,2,4,3,34,1,0,1,1,2,1,1
0,2,10,1,4,1347,4,3,4,2,2,0,27,1,1,2,1,1,1,1
0,0,36,2,2,2862,2,0,4,2,3,3,30,1,0,1,1,1,0,1
0,3,9,3,4,2753,2,0,3,0,4,1,35,1,1,1,1,1,1,1
0,1,12,3,2,3651,0,2,1,2,3,0,31,1,1,1,1,2,0,1
0,1,15,1,7,975,1,2,2,2,3,0,25,1,1,2,1,1,0,1
0,0,15,3,5,2631,2,2,3,2,2,2,25,1,1,1,3,1,0,1
0,0,24,3,4,2896,2,1,2,2,1,1,29,1,1,1,1,1,0,1
0,1,6,1,2,4716,4,1,1,2,3,2,44,1,1,2,3,2,0,1
0,3,24,3,4,2284,1,3,4,2,2,1,28,1,1,1,1,1,1,1
0,3,6,3,3,1236,3,2,2,2,4,0,50,1,2,1,1,1,0,1
0,0,12,3,4,1103,1,3,4,1,3,2,29,1,1,2,1,1,0,0
0,3,12,1,2,926,1,4,1,2,2,0,38,1,1,1,2,1,0,1
0,3,18,1,4,1800,1,2,4,2,2,1,24,1,1,2,1,1,0,1
0,2,15,3,0,1905,1,0,4,2,4,1,40,1,2,1,0,1,1,1
1,3,12,3,7,1123,3,2,4,2,4,1,29,1,2,1,3,1,0,1
1,1,48,1,3,6331,1,0,4,2,4,3,46,1,0,2,1,1,1,1
0,2,24,3,4,1377,2,0,4,2,2,3,47,1,0,1,1,1,1,1
0,0,30,2,1,2503,2,0,4,2,2,0,41,2,1,2,1,1,0,1
0,0,27,3,1,2528,1,1,4,2,1,0,32,1,1,1,1,2,1,1
0,3,15,3,2,5324,3,0,1,2,4,3,35,1,0,1,1,1,0,1
1,0,48,3,2,6560,2,3,3,2,2,0,24,1,1,1,1,1,0,1
1,0,12,4,7,2969,1,1,4,2,3,0,25,1,2,2,1,1,0,1
0,0,9,3,4,1206,1,0,4,2,4,2,25,1,1,1,1,1,0,1
0,0,9,3,4,2118,1,2,2,2,2,2,37,1,1,1,3,2,0,1
0,3,18,1,4,629,3,0,4,2,3,0,32,0,1,2,0,1,1,1
1,1,6,0,0,1198,1,0,4,2,4,3,35,1,0,1,1,1,0,1
0,3,21,3,3,2476,4,0,4,2,4,2,46,1,1,1,0,1,1,1
0,1,9,1,4,1138,1,2,4,2,4,2,25,1,1,2,3,1,0,1
1,0,60,3,2,14027,1,3,4,2,2,3,27,1,1,1,0,1,1,1
0,3,30,1,3,7596,4,0,1,2,4,1,63,1,1,2,1,1,0,1
0,3,30,1,4,3077,4,0,3,2,2,1,40,1,1,2,1,2,1,1
0,3,18,3,4,1505,1,2,4,2,2,3,32,1,0,1,0,1,1,1
0,2,24,1,4,3148,4,2,3,2,2,1,31,1,1,2,1,1,1,1
0,0,20,4,3,6148,2,0,3,2,4,1,31,0,1,2,1,1,1,1
1,2,9,4,4,1337,1,1,4,2,2,1,34,1,1,2,0,1,1,1
1,0,6,0,0,433,0,1,4,2,2,0,24,0,2,1,1,2,0,1
1,1,12,3,2,1228,1,2,4,2,2,2,24,1,1,1,3,1,0,1
0,0,9,3,4,790,3,2,4,2,3,2,66,1,1,1,3,1,0,1
1,3,27,3,2,2570,1,2,3,2,3,2,21,1,2,1,1,1,0,1
0,3,6,1,2,250,0,2,2,2,2,2,41,0,1,2,3,1,0,1
0,3,15,1,4,1316,3,2,2,2,2,0,47,1,1,2,3,1,0,1
1,1,18,3,4,1882,1,2,4,2,4,1,25,0,2,2,1,1,0,1
1,0,48,0,1,6416,1,0,4,2,3,3,59,1,2,1,1,1,0,1
0,2,24,1,1,1275,0,2,2,2,4,2,36,1,1,2,1,1,1,1
0,0,24,2,4,6403,1,1,1,2,2,1,33,1,1,1,1,1,0,1
1,1,24,3,4,1987,1,2,2,2,4,2,21,1,2,1,3,2,0,1
0,0,8,3,4,760,1,3,4,1,2,2,44,1,1,1,3,1,0,1
0,3,24,3,3,2603,0,2,2,2,4,1,28,1,2,1,1,1,1,1
0,3,4,1,2,3380,1,3,1,2,1,2,37,1,1,1,1,2,0,1
0,0,36,0,8,3990,4,1,3,2,2,3,29,0,1,1,2,1,0,1
1,0,24,3,3,11560,1,2,1,2,4,1,23,1,2,2,0,1,0,1
0,1,18,3,2,4380,2,2,3,2,4,1,35,1,1,1,3,2,1,1
0,3,6,1,2,6761,1,3,1,2,3,3,45,1,1,2,0,2,1,1
1,0,30,4,1,4280,2,2,4,2,4,1,26,1,2,2,3,1,0,1
0,1,24,0,2,2325,2,3,2,2,3,1,32,0,1,1,1,1,0,1
0,0,10,0,4,1048,1,2,4,2,4,2,23,2,1,1,3,1,0,1
0,3,21,3,4,3160,4,0,4,2,3,0,41,1,1,1,1,1,1,1
0,1,24,0,7,2483,3,2,4,2,4,2,22,2,1,1,1,1,1,1
0,1,39,1,7,14179,4,3,4,2,4,0,30,1,1,2,0,1,1,1
0,1,13,1,1,1797,1,1,3,2,1,0,28,0,1,2,3,1,0,1
0,1,15,3,2,2511,1,4,1,2,4,1,23,1,2,1,1,1,0,1
1,1,12,3,2,1274,1,1,3,2,1,2,37,1,1,1,3,1,0,1
0,3,21,3,3,5248,4,2,1,2,3,1,26,1,1,1,1,1,0,1
0,3,15,3,3,3029,1,3,2,2,2,1,33,1,1,1,1,1,0,1
0,1,6,3,7,428,1,0,2,2,1,0,49,0,1,1,1,1,1,1
1,1,18,3,2,976,1,1,1,2,2,1,23,1,1,1,3,1,0,1
0,0,12,3,1,841,2,3,2,2,4,2,23,1,2,1,3,1,0,1
0,3,30,1,4,5771,1,3,4,2,2,1,25,1,1,2,1,1,0,1
1,3,12,2,5,1555,0,0,4,2,4,3,55,1,0,2,1,2,0,1
1,1,24,3,2,1285,4,3,4,2,4,3,32,1,2,1,1,1,0,1
0,2,6,1,2,1299,1,2,1,2,1,2,74,1,1,3,2,2,0,0
1,2,15,1,4,1271,4,2,3,2,4,3,39,1,0,2,1,1,1,1
0,3,24,3,2,1393,1,2,2,1,2,2,31,1,1,1,1,1,1,1
1,1,12,1,2,691,1,0,4,2,3,0,35,1,1,2,1,1,0,1
0,3,15,1,2,5045,4,0,1,2,4,1,59,1,1,1,1,1,1,1
1,1,18,1,7,2124,1,2,4,2,4,2,24,1,2,2,1,1,0,1
0,1,12,3,4,2214,1,2,4,2,3,0,24,1,1,1,3,1,0,1
1,3,21,1,2,12680,4,0,4,2,4,3,30,1,0,1,0,1,1,1
0,3,24,1,2,2463,2,3,4,2,3,0,27,1,1,2,1,1,1,1
0,0,12,3,4,1155,1,0,3,1,3,2,40,0,1,2,3,1,0,1
1,1,30,3,7,3108,1,1,2,2,4,0,31,1,1,1,3,1,0,1
0,3,10,3,3,2901,4,1,1,2,4,2,31,1,2,1,1,1,0,1
0,0,12,1,7,3617,1,0,1,2,4,1,28,1,2,3,1,1,1,1
0,3,12,1,4,1655,1,0,2,2,4,2,63,1,1,2,3,1,1,1
0,1,24,3,3,2812,4,0,2,2,4,2,26,1,2,1,1,1,0,1
1,1,36,1,0,8065,1,2,3,2,2,3,25,1,1,2,0,1,1,1
0,3,21,1,3,3275,1,0,1,2,4,1,36,1,1,1,0,1,1,1
0,3,24,1,4,2223,2,0,4,2,4,0,52,0,1,2,1,1,0,1
0,2,12,1,2,1480,3,4,2,2,4,3,66,0,0,3,2,1,0,1
1,1,24,3,2,1371,4,2,4,2,4,2,25,1,2,1,1,1,0,1
0,3,36,1,2,3535,1,3,4,2,4,1,37,1,1,2,1,1,1,1
0,1,18,3,4,3509,1,3,4,1,1,2,25,1,1,1,1,1,0,1
0,3,36,1,3,5711,0,0,4,2,2,1,38,1,1,2,0,1,1,1
0,0,18,3,5,3872,1,4,2,2,4,1,67,1,1,1,1,1,1,1
1,0,39,1,4,4933,1,3,2,1,2,2,25,1,1,2,1,1,0,1
0,3,24,1,2,1940,0,0,4,2,4,2,60,1,1,1,1,1,1,1
0,0,12,4,9,1410,1,2,2,2,2,2,31,1,1,1,3,1,1,1
1,0,12,3,2,836,2,1,4,2,2,0,23,0,1,1,3,1,0,1
0,0,20,3,3,6468,4,4,1,2,4,2,60,1,1,1,0,1,1,1
0,0,18,3,1,1941,0,2,4,2,2,0,35,1,1,1,3,1,1,1
0,3,22,3,4,2675,3,0,3,2,4,1,40,1,1,1,1,1,0,1
0,3,48,1,3,2751,4,0,4,2,3,1,38,1,1,2,1,2,1,1
1,0,48,2,0,6224,1,0,4,2,4,3,50,1,0,1,1,1,0,1
1,1,40,1,0,5998,1,2,4,2,3,3,27,0,1,1,1,1,1,1
1,0,21,3,1,1188,1,0,2,2,4,0,39,1,1,1,1,2,0,1
0,3,24,3,3,6313,4,0,3,2,4,1,41,1,1,1,0,2,1,1
0,3,6,1,7,1221,4,2,1,2,2,0,27,1,1,2,1,1,0,1
0,2,24,3,7,2892,1,0,3,2,4,3,51,1,0,1,1,1,0,1
0,3,24,3,7,3062,3,0,4,2,3,3,32,1,2,1,1,1,1,1
0,3,9,3,7,2301,2,1,2,2,4,0,22,1,2,1,1,1,0,1
1,1,18,3,3,7511,4,0,1,2,4,0,51,1,0,1,1,2,1,1
0,3,12,1,7,1258,1,1,2,2,4,0,22,1,2,2,3,1,0,1
0,3,24,2,2,717,4,0,4,2,4,1,54,1,1,2,1,1,1,1
0,0,9,3,2,1549,4,1,4,2,2,2,35,1,1,1,2,1,0,1
0,3,24,1,0,1597,1,0,4,2,4,3,54,1,0,2,1,2,0,1
0,0,18,1,4,1795,1,0,3,1,4,2,48,0,2,2,3,1,1,1
0,1,20,1,7,4272,1,0,1,2,4,0,24,1,1,2,1,1,0,1
0,3,12,1,4,976,4,0,4,2,4,1,35,1,1,2,1,1,0,1
0,0,12,3,2,7472,4,4,1,2,2,2,24,1,2,1,2,1,0,1
1,1,36,3,2,9271,1,3,2,2,1,1,24,1,1,1,1,1,1,1
0,0,6,3,4,590,1,1,3,2,3,2,26,1,1,1,3,1,0,0
0,3,12,1,4,930,4,0,4,2,4,2,65,1,1,4,1,1,0,1
0,0,42,0,3,9283,1,4,1,2,2,3,55,0,0,1,0,1,1,1
1,0,15,4,2,1778,1,1,2,2,1,2,26,1,2,2,2,1,0,1
0,0,8,3,1,907,1,1,3,2,2,2,26,1,1,1,1,1,1,1
0,0,6,3,4,484,1,3,3,1,3,2,28,0,1,1,3,1,0,1
1,1,36,1,3,9629,1,3,4,2,4,1,24,1,1,2,1,1,1,1
1,1,48,3,8,3051,1,2,3,2,4,1,54,1,1,1,1,1,0,1
1,1,48,3,2,3931,1,3,4,2,4,3,46,1,0,1,1,2,0,1
0,0,36,2,2,7432,1,2,2,2,2,0,54,1,2,1,1,1,0,1
0,3,6,3,8,1338,3,2,1,2,4,2,62,1,1,1,1,1,0,1
0,3,6,1,4,1554,1,3,1,2,2,1,24,1,2,2,1,1,1,1
0,1,36,3,6,15857,1,4,2,0,3,1,43,1,1,1,0,1,0,1
1,1,18,3,4,1345,1,2,4,2,3,2,26,0,1,1,1,1,0,1
0,3,12,3,2,1101,1,2,3,2,2,2,27,1,1,2,1,1,1,1
0,2,12,3,4,3016,1,2,3,2,1,1,24,1,1,1,1,1,0,1
1,1,36,3,7,2712,1,0,2,2,2,0,41,0,1,1,1,2,0,1
0,1,8,1,2,731,1,0,4,2,4,2,47,1,1,2,3,1,0,1
0,3,18,1,7,3780,1,1,3,2,2,1,35,1,1,2,0,1,1,1
0,1,21,1,2,1602,1,0,4,2,3,1,30,1,1,2,1,1,1,1
1,1,18,1,2,3966,1,0,1,2,4,2,33,0,2,3,1,1,1,1
1,3,18,4,1,4165,1,2,2,2,2,1,36,2,1,2,1,2,0,1
1,1,36,3,3,8335,4,0,3,2,4,3,47,1,0,1,1,1,0,1
0,0,48,2,1,6681,4,2,4,2,4,3,38,1,0,1,1,2,1,1
0,3,24,2,1,2375,3,2,4,2,2,1,44,1,1,2,1,2,1,1
1,1,18,3,2,1216,1,1,4,2,3,1,23,1,2,1,1,1,1,1
1,1,45,4,1,11816,1,0,2,2,4,1,29,1,2,2,1,1,0,1
0,0,24,3,4,5084,4,0,2,2,4,1,42,1,1,1,1,1,1,1
1,2,15,3,4,2327,1,1,2,2,3,2,25,1,1,1,3,1,0,1
1,1,12,4,2,1082,1,2,4,2,4,1,48,0,1,2,1,1,0,1
0,3,12,3,4,886,4,2,4,2,2,1,21,1,1,1,1,1,0,1
0,3,4,3,7,601,1,1,1,2,3,2,23,1,2,1,3,2,0,1
0,1,24,1,3,2957,1,0,4,2,4,0,63,1,1,2,1,1,1,1
0,3,24,1,4,2611,1,0,4,0,3,2,46,1,1,2,1,1,0,1
1,1,36,3,7,5179,1,3,4,2,2,0,29,1,1,1,1,1,0,1
0,3,21,2,3,2993,1,2,3,2,2,2,28,2,1,2,3,1,0,1
1,3,18,3,5,1943,1,1,4,2,4,2,23,1,1,1,1,1,0,1
0,3,24,0,1,1559,1,3,4,2,4,1,50,0,1,1,1,1,1,1
0,3,18,3,7,3422,1,0,4,2,4,0,47,0,1,3,1,2,1,1
0,0,21,3,7,3976,4,3,2,2,3,1,35,1,1,1,1,1,1,1
1,3,18,3,2,6761,4,2,2,2,4,1,68,1,2,2,1,1,0,1
0,3,24,3,2,1249,1,1,4,2,2,2,28,1,1,1,1,1,0,1
0,1,9,3,4,1364,1,3,3,2,4,2,59,1,1,1,1,1,0,1
1,1,12,3,4,709,1,0,4,2,4,2,57,2,1,1,3,1,0,1
1,1,20,1,2,2235,1,2,4,1,2,0,33,0,2,2,1,1,0,0
0,3,24,1,3,4042,4,3,3,2,4,0,43,1,1,2,1,1,1,1
0,3,15,1,4,1471,1,2,4,2,4,3,35,1,0,2,1,1,1,1
1,1,18,0,2,1442,1,3,4,2,4,3,32,1,0,2,3,2,0,1
0,3,36,2,2,10875,1,0,2,2,2,1,45,1,1,2,1,2,1,1
0,3,24,3,2,1474,2,1,4,2,3,2,33,1,1,1,1,1,1,1
0,3,10,3,9,894,4,3,4,2,3,0,40,1,1,1,1,1,1,1
0,3,15,1,7,3343,1,2,4,2,2,3,28,1,0,1,1,1,1,1
1,1,15,3,2,3959,1,2,3,2,2,0,29,1,1,1,1,1,1,1
0,3,9,3,2,3577,2,2,1,1,2,2,26,1,2,1,1,2,0,0
0,3,24,1,3,5804,0,2,4,2,2,2,27,1,1,2,1,1,0,1
1,3,18,2,1,2169,1,2,4,2,2,1,28,1,1,1,1,1,1,1
1,1,24,3,4,2439,1,1,4,2,4,2,35,1,1,1,1,1,1,1
0,3,27,1,7,4526,0,1,4,2,2,2,32,2,1,2,3,2,1,1
1,3,10,3,7,2210,1,2,2,2,2,2,25,0,2,1,3,1,0,1
0,3,15,3,7,2221,3,2,2,2,4,1,20,1,2,1,1,1,0,1
0,1,18,3,4,2389,1,1,4,2,1,1,27,2,1,1,1,1,0,1
0,3,12,1,7,3331,1,0,2,2,4,0,42,2,1,1,1,1,0,1
0,3,36,3,1,7409,4,0,3,2,2,0,37,1,1,2,1,1,0,1
0,1,12,3,7,652,1,0,4,2,4,0,24,1,2,1,1,1,0,1
0,3,36,2,7,7678,3,3,2,2,4,1,40,1,1,2,1,1,1,1
0,2,6,1,2,1343,1,0,1,2,4,2,46,1,1,2,1,2,0,0
0,1,24,1,1,1382,2,3,4,2,1,2,26,1,1,2,1,1,1,1
0,3,15,3,8,874,4,1,4,2,1,2,24,1,1,1,1,1,0,1
0,1,12,3,7,3590,1,2,2,0,2,0,29,1,1,1,3,2,0,1
0,0,11,1,2,1322,0,2,4,2,4,1,40,1,1,2,1,1,0,1
0,1,18,0,4,1940,1,1,3,0,4,3,36,0,0,1,0,1,1,1
0,3,36,3,4,3595,1,0,4,2,2,1,28,1,1,1,1,1,0,1
1,1,9,3,2,1422,1,1,3,2,2,3,27,1,0,1,0,1,1,1
0,3,30,1,4,6742,4,3,2,2,3,0,36,1,1,2,1,1,0,1
0,3,24,3,3,7814,1,3,3,2,3,1,38,1,1,1,0,1,1,1
0,3,24,3,3,9277,4,2,2,2,4,3,48,1,0,1,1,1,1,1
0,0,30,1,2,2181,4,0,4,2,4,2,36,1,1,2,1,1,0,1
0,3,18,1,4,1098,1,4,4,2,4,1,65,1,1,2,2,1,0,1
1,0,24,3,7,4057,1,3,3,2,3,1,43,1,1,1,1,1,1,1
1,1,12,3,0,795,1,1,4,2,4,0,53,1,1,1,1,1,0,1
0,0,24,1,1,2825,4,3,4,2,3,3,34,1,1,2,1,2,1,1
1,0,48,3,1,15672,1,2,2,2,2,1,23,1,1,1,1,1,1,1
0,3,36,1,2,6614,1,0,4,2,4,1,34,1,1,2,0,1,1,1
0,3,28,0,3,7824,4,1,3,1,4,2,40,0,2,2,1,2,1,1
0,1,27,1,1,2442,1,0,4,2,4,1,43,2,1,4,0,2,1,1
0,3,15,1,4,1829,1,0,4,2,4,1,46,1,1,2,1,1,1,1
0,1,12,1,2,2171,1,2,4,2,4,0,38,0,1,2,3,1,0,0
0,0,36,1,3,5800,1,2,3,2,4,1,34,1,1,2,1,1,1,1
0,3,18,1,4,1169,4,2,4,2,3,0,29,1,1,2,1,1,1,1
0,3,36,2,3,8947,4,3,3,2,2,1,31,2,1,1,0,2,1,1
0,1,21,3,4,2606,1,1,4,2,4,0,28,1,2,1,0,1,1,1
0,3,12,1,7,1592,0,3,3,2,2,0,35,1,1,1,1,1,0,0
0,3,15,3,7,2186,4,3,1,2,4,2,33,0,2,1,3,1,0,1
1,1,18,3,7,4153,1,2,2,0,3,1,42,1,1,1,1,1,0,1
1,1,16,1,2,2625,1,0,2,1,4,0,43,0,2,1,1,1,1,1
0,3,20,1,2,3485,4,1,2,2,4,2,44,1,1,2,1,1,1,1
0,3,36,1,3,10477,4,0,2,2,4,3,42,1,0,2,1,1,0,1
0,3,15,3,4,1386,4,2,4,2,2,2,40,1,2,1,1,1,1,1
0,3,24,3,4,1278,1,0,4,2,1,2,36,1,1,1,0,1,1,1
0,1,12,3,4,1107,1,2,2,2,2,2,20,1,2,1,0,2,1,1
0,1,21,3,2,3763,4,3,2,0,2,2,24,1,1,1,3,1,0,0
0,0,36,3,0,3711,4,2,2,2,2,1,27,1,1,1,1,1,0,1
0,3,15,2,3,3594,1,1,1,2,2,0,46,1,1,2,3,1,0,1
0,0,9,3,2,3195,4,2,1,2,2,2,33,1,1,1,3,1,0,1
0,3,36,2,4,4454,1,2,4,2,4,2,34,1,1,2,1,1,0,1
1,0,24,1,7,4736,1,1,2,2,4,1,25,0,1,1,3,1,0,1
0,0,30,3,4,2991,4,0,2,2,4,1,25,1,1,1,1,1,0,1
0,3,11,3,1,2142,0,0,1,2,2,2,28,1,1,1,1,1,1,1
1,1,24,0,1,3161,1,2,4,2,2,0,31,1,2,1,1,1,1,1
1,0,48,4,6,18424,1,2,1,2,2,0,32,0,1,1,0,1,1,0
0,3,10,3,3,2848,2,2,1,0,2,2,32,1,1,1,1,2,0,1
1,1,6,3,2,14896,1,0,1,2,4,3,68,0,1,1,0,1,1,1
1,1,24,3,7,2359,2,4,1,2,1,0,33,1,1,1,1,1,0,1
1,1,24,3,7,3345,1,0,4,2,2,0,39,1,2,1,0,1,1,1
0,3,18,1,7,1817,1,2,4,2,2,3,28,1,1,2,1,1,0,1
0,3,48,2,4,12749,3,3,4,2,1,1,37,1,1,1,0,1,1,1
1,1,9,3,4,1366,1,1,3,2,4,0,22,1,2,1,1,1,0,1
0,0,12,3,2,2002,1,3,3,2,4,0,30,1,2,1,1,2,1,1
1,1,24,0,7,6872,1,1,2,2,1,0,55,0,1,1,1,1,1,1
1,1,12,0,2,697,1,1,4,2,2,1,46,0,1,2,1,1,1,1
0,1,18,1,7,1049,1,1,4,2,4,0,21,1,2,1,1,1,0,1
1,1,48,3,3,10297,1,3,4,2,4,3,39,2,0,3,1,2,1,1
0,3,30,3,4,1867,4,0,4,2,4,1,58,1,1,1,1,1,1,1
0,1,12,2,2,1344,1,2,4,2,2,2,43,1,1,2,3,2,0,1
0,1,24,3,7,1747,1,1,4,0,1,0,24,1,1,1,3,1,0,0
1,0,9,3,4,1670,1,1,4,2,2,1,22,1,1,1,1,1,1,1
0,3,9,1,2,1224,1,2,3,2,1,2,30,1,1,2,1,1,0,1
0,3,12,1,4,522,3,0,4,2,4,0,42,1,1,2,1,2,1,1
0,1,12,3,4,1498,1,2,4,2,1,1,23,0,1,1,1,1,0,1
1,0,30,2,4,1919,2,1,4,2,3,3,30,2,1,2,0,1,0,1
1,2,9,3,4,745,1,2,3,2,2,2,28,1,1,1,3,1,0,1
0,0,6,3,4,2063,1,1,4,2,3,1,30,1,2,1,0,1,1,1
1,0,60,3,0,6288,1,2,4,2,4,3,42,1,0,1,1,1,0,1
0,3,24,1,3,6842,4,2,2,2,4,0,46,1,1,2,0,2,1,1
0,3,12,3,2,3527,4,1,2,2,3,0,45,1,1,1,0,2,1,1
0,3,10,3,2,1546,1,2,3,2,2,2,31,1,1,1,3,2,0,0
0,3,24,3,7,929,4,3,4,2,2,1,31,2,1,1,1,1,1,1
0,3,4,1,2,1455,1,3,2,2,1,2,42,1,1,3,3,2,0,1
0,1,15,3,7,1845,1,1,4,1,1,0,46,1,2,1,1,1,0,1
0,0,48,4,2,8358,3,1,1,2,1,1,30,1,1,2,1,1,0,1
1,1,24,0,7,3349,3,1,4,2,4,3,30,1,0,1,1,2,1,1
0,3,12,3,2,2859,4,4,4,2,4,3,38,1,1,1,0,1,1,1
1,3,18,3,7,1533,1,1,4,0,1,0,43,1,1,1,3,2,0,1
1,3,24,3,4,3621,2,0,2,2,4,1,31,1,1,2,1,1,0,1
0,0,18,1,1,3590,1,4,3,2,3,1,40,1,1,3,2,2,1,1
1,1,36,2,1,2145,1,3,2,2,1,1,24,1,1,2,1,1,1,1
1,0,24,3,3,4113,3,1,3,2,4,1,28,1,2,1,1,1,0,1
1,3,36,3,7,10974,1,4,4,2,2,1,26,1,1,2,0,1,1,1
0,1,12,3,2,1893,1,2,4,1,4,0,29,1,1,1,1,1,1,1
0,1,24,1,4,1231,0,0,4,2,4,0,57,1,2,2,0,1,1,1
0,2,30,1,4,3656,4,0,4,2,4,0,49,2,1,2,3,1,0,1
0,0,9,1,4,1154,1,0,2,2,4,2,37,1,1,3,3,1,0,1
1,1,28,3,2,4006,1,2,3,2,2,1,45,1,1,1,3,1,0,1
0,0,24,3,7,3069,2,0,4,2,4,3,30,1,0,1,1,1,0,1
0,3,6,1,4,1740,1,0,2,2,2,2,30,1,2,2,1,1,0,1
0,0,21,2,2,2353,1,2,1,2,4,0,47,1,1,2,1,1,0,1
0,3,15,3,2,3556,4,2,3,2,2,3,29,1,1,1,1,1,0,1
1,3,24,3,4,2397,3,0,3,2,2,1,35,0,1,2,1,1,1,1
0,0,6,3,5,454,1,1,3,2,1,0,22,1,1,1,3,1,0,1
0,0,30,3,4,1715,4,2,4,2,1,1,26,1,1,1,1,1,0,1
1,0,27,1,4,2520,3,2,4,2,2,0,23,1,1,2,3,1,0,1
0,3,15,3,4,3568,1,0,4,2,2,1,54,0,2,1,0,1,1,1
0,3,42,3,4,7166,4,3,2,2,4,0,29,1,2,1,1,1,1,1
0,1,11,1,2,3939,1,2,1,2,2,2,40,1,1,2,3,2,0,1
0,0,15,3,5,1514,2,2,4,1,2,2,22,1,1,1,1,1,0,1
0,3,24,3,2,7393,1,2,1,2,4,0,43,1,1,1,3,2,0,1
1,1,24,0,2,1193,1,4,1,0,4,3,29,1,2,2,2,1,0,1
1,1,60,3,1,7297,1,0,4,0,4,3,36,1,2,1,1,1,0,1
0,3,30,1,4,2831,1,2,4,2,2,1,33,1,1,1,1,1,1,1
0,2,24,3,4,1258,3,2,3,2,3,1,57,1,1,1,3,1,0,1
0,0,6,3,4,753,1,2,2,1,3,2,64,1,1,1,1,1,0,1
0,0,18,2,1,2427,4,0,4,2,2,0,42,1,1,2,1,1,0,1
1,3,24,2,2,2538,1,0,4,2,4,1,47,1,1,2,3,2,0,1
1,0,15,0,2,1264,2,2,2,2,2,0,25,1,2,1,1,1,0,1
1,0,30,1,7,8386,1,3,2,2,2,0,49,1,1,1,1,1,0,1
1,3,48,3,1,4844,1,4,3,2,2,1,33,0,2,1,0,1,1,1
0,2,21,3,2,2923,2,2,1,2,1,1,28,0,1,1,0,1,1,1
1,1,36,3,3,8229,1,2,2,2,2,0,26,1,1,1,1,2,0,1
0,3,24,1,7,2028,1,3,2,2,2,0,30,1,1,2,3,1,0,1
0,1,15,1,7,1433,1,2,4,2,3,0,25,1,2,2,1,1,0,1
0,2,42,4,1,6289,1,1,2,2,1,0,33,1,1,2,1,1,0,1
0,3,13,3,4,1409,2,4,2,2,4,2,64,1,1,1,1,1,0,1
0,1,24,3,3,6579,1,4,4,2,2,3,29,1,0,1,0,1,1,1
0,0,24,1,4,1743,1,0,4,2,2,0,48,1,1,2,3,1,0,1
0,3,12,1,0,3565,4,1,2,2,1,0,37,1,1,2,3,2,0,1
0,3,15,0,4,1569,2,0,4,2,4,1,34,0,1,1,3,2,0,1
0,1,18,3,4,1936,4,3,2,2,4,1,23,1,2,2,3,1,0,1
0,1,36,3,7,3959,1,4,4,2,3,0,30,1,1,1,0,1,1,1
0,3,12,3,2,2390,4,0,4,2,3,1,50,1,1,1,1,1,1,1
0,3,12,3,7,1736,1,3,3,2,4,2,31,1,1,1,3,1,0,1
0,1,30,3,3,3857,1,2,4,2,4,0,40,1,1,1,0,1,1,1
0,3,12,3,4,804,1,0,4,2,4,1,38,1,1,1,1,1,0,1
1,1,45,3,4,1845,1,2,4,2,4,3,23,1,0,1,1,1,1,1
0,0,45,1,3,4576,2,4,3,2,4,1,27,1,1,1,1,1,0,1
